Product Name,Category,Brand
POLO T SHIRT DECATHLON,T SHIRT,STR
T SHIRT DECATHLON,T SHIRT,STR
BERMUDA DECATHLON,BERMUDA,STR
POLO TSHIRT DECATHLON,T SHIRT,STR
SHORTS DECATHLON,BERMUDA,STR
COLOUR T SHIRT COTTON MATTY ,COLOUR T SHIRT,STR
SILVER COIN CLARION PRINTEX,SILVER COIN,STR
WOMENS HOODIES  JABALPUR,HOODIES,STR
POLO MW 100 M GREEN S,M,L
ROUND NECK T SHIRT TRANSLOCATION,T SHIRT,STR
T SHIRT MIX COLOUR,T SHIRT,STR
COTTON WHITE THAILA 98,BAG,STR
COTTON WHITE THAILA 100,BAG,STR
COTTON WHITE THAILA 99,BAG,STR
COTTON WHITE THAILA 102,BAG,STR
CAP PINK COLOUR,CAP,STR
CAP BLUE COLOUR,CAP,STR
CAP GREY COLOUR,CAP,STR
CAP BEIGE COLOUR,CAP,STR
DOUBLE BEDSHEET WITH PILLOW COVER ,BEDSHEET,STR
SINGLE BEDSHEET WITH PILLOW COVER ,BEDSHEET,STR
LAPEL PIN CLARION PRINTEX,PIN,STR
KEYCHAIN CLARION PRINTEX,KEYCHAIN,STR
MUFFLER SPECIAL SIZE,MUFFLER,STR
WOMENS COLLAR T SHIRT ,T SHIRT,STR
COLLAR T SHIRT ,T SHIRT,STR
EMPIRE HAT WITH BELT AND BUCKET ,HAT,STR
BIG BUCKET HAT WITH STRIP ,,STR
SMALL BUCKET HAT ,HAT,STR
BAG 0008 ,BAG,STR
EMPIRE HAT ,HAT,STR
JACKET 2651 PC 0013,JACKET,STR
JACKET 2439 PC 0014 ,JACKET,STR
JACKET 2441 PC0012 ,JACKET,STR
JACKET 2652 PC0028 ,JACKET,STR
MENS JACKET 0025 ,JACKET,STR
ANIMAL PRINT JACKET EARTHN,JACKET,STR
HALF JACKET WOOLEN SIX POCKET MANDEEP,JACKET,STR
NEW HALF JACKET SIX POCKET MANDEEP,JACKET,STR
WOMENS TOP WITH PANTS,TOP,STR
FLORAL PRINT SHIRT EARTHAN,SHIRT,STR
ANIMAL PRINT SHIRT EARTHAN,SHIRT,STR
STOLE EARTHAN,STOLE,STR
ANIMAL PRINT DRESS EARTHAN,DRESS,STR
GLASS SIPPER SHANIL MART,SIPPER,STR
TROUSER DECATHLON,DECATHLON,STR
TROUSER DECATHLON,TROUSER,STR
VEST DECATHLON,VEST,STR
LIGHT CAP DECATHLON,CAP,STR
VEST MT 100 DECATHLON,VEST,STR
VEST GREY DECATHLON,VEST,STR
TROUSER GREEN DECATHLON,TROUSER,STR
JACKET DECATHLON,JACKET,STR
LOWER SMALL DHARMESH,LOWER,STR
CAPRI DHARMESH,CAPRI,STR
CARGO PANT BIG DHARMESH,PENT,STR
WIND BLACK M,L DECATHLON,WINDCHITTER
SLEEVED POLO T SHIRT DECATHLON,T SHIRT,STR
POLO GREEN DECATHLON,T SHIRT,STR
STR GAUR WALL KEYHOLDER,KEYHOLDER,STR
STR DEAR MAGNET,MAGNET,STR
STR NEELGAI MAGNET,MAGNET,STR
HALF JACKET CLOTH BLACK & GREEN,JACKET,STR
KEYRING LASER CUT SHUBHAM,KEYCHAIN,STR
FRIDGE MAGNET LASER CUT SHUBHAM,MAGNET,STR
BLACK STEEL BOTTLE SHUBHAM,BOTTLE,STR
HOODIE KIDDS,HOODIE,STR
BERMUDA M DECATHLON,BERMUDA,STR
T SHIRT SG 100 DECATHLON,TROUSER,STR
CARGO SMALL 24,26,28
REVERSIBLE HAT,HAT,STR
WINDCHITTER NEW,WINDCHITTER,STR
SAREE,SAREE,STR
SAREE HANDLOOM,TEMPLE,CHECK
TROUSER L SIZE DECATHLON,TROUSER,STR
TROUSER BLACK L DECATHLON,TROUSER,STR
TROUSER MDECATHLON,TROUSER,STR
CARGO TROUSER GREEN DECATHLON,TROUSER,STR
TROUSER BROWN DECATHLON,TROUSER,STR
TROUSER XL DECATHLON,TROUSER,STR
UMBRELLA HUNTING DECATHLON,UMBRELLA,STR
TROUSER L DECATHLON,TROUSER,STR
LONG SLEEVE T SHIRT M DECATHLON,T SHIRT,STR
UMBRELLA DECATHLON,UMBRELLA,STR
LONG SLEEVE T SHIRT L DECATHLON,T SHIRT,STR
TROUSER CAMO 520 DECATHLON,TROUSER,STR
TROUSER M DECATHLON,TROUSER,STR
X ACCESS GREEN DECATHLON,BELT,STR
BIG CAMO 0111 ,CAP,STR
CAP 0051 ,CAP,STR
CAP 0227 ,CAP,STR
CAP 0137 ,CAP,STR
CAP KIDDS 0836 ,CAP,STR
CAP 0067 ,CAP,STR
CAP SMALL CAMO ,CAP,STR
BAG 0026 ,BAG,STR
BAG 0025 ,BAG,STR
BAG 007 ,BAG,STR
BAG 0016 ,BAG,STR
HANDCRAFTED BAG 3 ,BAG,STR
HANDCRAFTED BAG 2 ,BAG,STR
HANDCRAFTED BAG 1 ,BAG,STR
LADIES BAG MIX,BAG,STR
PITTU BAG JUTE,BAG,STR
LADIES BAG,BAG,STR
BAG NEW ,BAG,STR
WINDCHITTER SINGLE SIDE MANDEEP,JACKET,STR
CAMERA LENS COFFEE MUG CLARION,MUG,STR
CAMERA LENS COFFEE MUG DOUBLE LID CLARION,MUG,STR
CARGO LOWER 312 NO.,LOWER,STR
HALF SHIRT,SHIRT,STR
BAG 16 ,BAG,STR
BANJARA BAG 2 ,BAG,STR
BANJARA BAG ,BAG,STR
WALLET BAG ,BAG,STR
PITTHU BAG ,BAG,STR
BAG 6 ,BAG,STR
QUEEN BAG STR ,BAG,STR
HANDMADE BAG 1 ,BAG,STR
HANDMADE BAG 7 ,BAG,STR
MOBILE BAG BIG JUTE TRIBAL BAG,BAG,STR
ARMY T SHIRT PUGMARK HANDICRAFT,T SHIRT,STR
NIGHT SUIT SMALL PUGMARK HANDICRAFT,SUIT,STR
NIGHT SUIT BIG PUGMARK HANDICRAFT,SUIT,STR
T SHIRT SMALL PUGMARK HANDICRAFT,T SHIRT,STR
T SHIRT BIG PUGMARK HANDICRAFT,T SHIRT,STR
MENS T SHIRT CLARION PRINTEX,T SHIRT,STR
TANK TOP ,TOP,STR
KIDDS T SHIRT ,T SHIRT,STR
WOMENS DRESS (LONG TOP) ,DRESS,STR
WOMENS T SHIRT ,T SHIRT,STR
CROP TOP CLARION PRINTEX,TOP,STR
COFFEE MUG SHUBHAM,MUG,STR
WATER BOTTLE SHUBHAM,BOTTLE,STR
ROUND MAGNET,MAGNET,STR
JUTE BAG ELEPHANT BIG,BAG,STR
PEN STAND,STAND,STR
TRAY BIG,TRAY,STR
TRAY SMALL,TRAY,STR
KEYHOLDER SMALL,HOLDER,STR
TEA COASTER,COASTER,STR
PACHMARHI PHOTO MAGNET,MAGNET,STR
KEYCHAIN,KEYCHAIN,STR
CUT MAGNET,MAGNET,STR
GOLDEN LEOPARD,STATUE,STR
BAG LEAF,BAG,STR
BAG ELEPHANT,BAG,STR
BAG GO GREEN,BAG,STR
TIGER MAGNET,MAGNET,STR
PUGMARK MAGNET,MAGNET,STR
PUGMARK KEYCHAIN,KEYCHAIN,STR
TIGER KEYCHAIN,KEYCHAIN,STR
BLACK KIDDS T SHIRT,T SHIRT,STR
SCRUNCHES HAIR,HAIR,STR
RANGREZ BANGLES,BANGLES,STR
LONG TOP,TOP,STR
CROP TOP,TOP,STR
HONEY,HONEY,STR
HONEY PLUS HALDI,HONEY,STR
COTTON TOPS EARTHN,TOPS,STR
JUTE BAG NEW DESIGN WITH CHAIN POCKET,BAG,STR
JUTE BAG THAILA 18*13,BAG,STR
JUTE BAG LADIES MIX DESIGN,JUTE BAG,STR
KIDS SHIRT 16NO,SHIRT,STR
KIDS SHIRT 10NO. 12NO. 14NO,SHIRT,STR
KIDS SHIRT 4NO. 6NO. 8NO,SHIRT,STR
FULL SHIRT M,L,XL
BODY PATTERN TIGER SLEEK POUCH HOT MUGGS,POUCH,STR
TERRA EARRINGS ,EARRING,STR
ICONOSTYLE TIGER KEYCHAIN HOT MUGGS,KEYCHAIN,STR
TIGER CAPS HOTS MUGS,CAP,STR
BODY PATTERN TOTE BAG HOT MUGGS,BAG,STR
BODY PATTERN TIGER DESK MAT,MAT,STR
BUCKET HAT TIGER SKIN HOT MUGGS,HAT,STR
PHONE GRIP HOT MUGGS,PHONE GRIP,STR
PARK SPECIAL FRIDGE MAGNET WOOD HOT MUGGS,MAGNET,STR
CLAY ANIMAL ,ANIMAL,STR
MOBILE JUTE BAG ,BAGS,STR
BAG 7 (SEVEN) ,BAGS,STR
SQUIRREL LAPEL PIN,LAPEL PIN,STR
BOROSIL HOT & COLD SHANIL MART,BOTTLE,STR
CARGO POCKET JACKET ,JACKET,STR
JUTE BAG QUEEN,BAG,STR
HIMALAYAN HEMP HUMPY BAG ,BAG,STR
HIMALAYAN HEMP CHEST BAG ,BAG,STR
HIMALAYAN HEMP BAG PACK ,BAG,STR
GENTS SHIRT 2XL,3XL ,SHIRT
GENTS SHIRT L,XL ,SHIRT
BLACK BOTTLE,BOTTLE,STR
FACE MASK BUFF HERITAGE DESIGN,FACE MASK,STR
THREE PIECE DRESS EARTHN,DRESS,STR
ONE PIECE DRESS EARTHN,DRESS,STR
STEEL BAMBOO BOTTLE SHANIL MART,BOTTLE,STR
SATPURA FIELD GUIDE BOOK,BOOK,STR
CO ORD SET FULL PRINT EARTHN,DRESS TWO PIECE,STR
COTTON KURTI EARTHN,KURTI,STR
SILVER PLATED BRACELET EARTHN,BRACELET,STR
TWO PIECE DRESS EARTHN,DRESS,STR
LIQUID PERFUMES EARTHN,PERFUME,STR
HALF SLEEVE SHIRT EARTHN,SHIRT,STR
FULL SLEEVE SHIRT EARTHN,SHIRT,STR
HANDBAGS EARTHN,BAGS,STR
SILVER PLATED EARRINGS,EARRING,STR
OXIDIZED EARRINGS,EARRING,STR
SOLID PERFUME,PERFUME,STR
WAX SACHET PUNE,WAX,STR
KIDDS T SHIRT,T SHIRT,STR
KIDDS SWEAT SHIRT,SWEAT SHIRT,STR
GREEN REVERSIBLE JACKET,JACKET,STR
FULL JACKET,JACKET,STR
HALF JACKET,REVERSIBLE JACKET,STR
T SHIRT SMALL PRINT,T SHIRT,STR
CAP ,CAP,STR
INSULATED BOTTLE,BOTTLE,STR
STEEL BOTTLE,BOTTLE,STR
TRIBAL SCARF ,SCARF,STR
HIRAN STAND ,BRASS,STR
KEY HOLDER SMALL,HOLDER,STR
MAGNET WOODEN CUT,MAGNET,STR
KEYCHAIN PACKET,KEYCHAIN,STR
EAR PATTI ARMY ,JACKET,STR
SMALL COMPUTER WOOLEN CAP ,JACKET,STR
ADAM WOOLEN CAP ,JACKET,STR
JACKET ,JACKET,STR
JACKET ,JACKET ,STR
JACKET WILDARTE,JACKET,STR
MENS SWEAT SHIRT,SWEAT SHIRT,STR
MENS HOODIE,JACKET,STR
JUTE BAG MEDIUM,BAG,STR
KIDDS LOWER 32 34 36,LOWER,STR
KIDDS LOWER 26 28 30,LOWER,STR
LOWER 38,LOWER,STR
WINDCHITTER,JACKET,STR
CAP PARACHUTE,CAP,STR
ARMY T SHIRT ROUND NECK,T SHIRT,STR
WOOLEN CAP,CAP,STR
REGULAR HAT,HAT,STR
BERMUDA 3XL,SHORTS,STR
BERMUDA L,XL,2XL
LOWER 3XL SIZE,LOWER,STR
LOWER 2XL SIZE,LOWER,STR
LOWER XL SIZE,LOWER,STR
LOWER L SIZE,LOWER,STR
TRIBAL F BLACK RED SUIT DRESS MATERIAL,DRESS MATERIAL,STR
TRIBAL L K F RED & BLACK 2XL,3XL,LONG KURTA
TRIBAL L K F RED & BLACK L,XL,LONG KURTA
TRIBAL PRINT S K F RED & BLACK 2XL,3XL,SHORT KURTA
TRIBAL PRINT S K F RED & BLACK L,XL,SHORT KURTA
TRIBAL PRINT JACKET RED & BLACK 2XL,JACKET,STR
TRIBAL PRINT JACKET RED & BLACK L,XL,JACKET
TRIBAL PRINT BLACK RED LINEN SAREE ,LINEN SAREE,STR
TRIBAL FULL RED SAREE ,SAREE,STR
TRIBAL FULL BLACK SAREE ,SAREE,STR
BAMBOO PENSTAND ,STAND,STR
BAMBOO OVAL GLASS ,GLASS,STR
SET OF 4 FRIDGE MAGNET HERITAGE DESIGN,MAGNET,STR
EARRINGS HERITAGE DESIGN,JEWELLERY,STR
BAMBOO CUP,CUP,STR
BAMBOO BOTTLE,BOTTLE,STR
BAMBOO FLOWER POT,POT,STR
BLOCK PRINT SCARF,SCARF,STR
BAMBOO BIG PURSE,PURSE,STR
BAMBOO SMALL PURSE,PURSE,STR
BAMBOO WALL PAINTING,PAINTING,STR
BAMBOO FAN,FAN,STR
BAMBOO DINING TABLE MAT,MAT,STR
BAMBOO JUG,JUG,STR
BAMBOO MUG,MUG,STR
BAMBOO GLASS,GLASS,STR
ANIMAL DESIGN MIX EARRING JEWELLERY,JEWELLERY,STR
BUDDHA FACE BIG PENDANT JEWELLERY,JEWELLERY,STR
TIGER FACE BIG PENDANT JEWELLERY,JEWELLERY,STR
PEACOCK PENDANT SET JEWELLERY,JEWELLERY,STR
TRIBAL FACE PENDANT SET JEWELLERY,JEWELLERY,STR
WAIST POUCH,POUCH,STR
TRAVELLER BAG WITH STRIP MANDEEP,BAG,STR
FG MESSENGER BAG TIGER FACE,BAG,STR
KEYCHAIN LEOPARD GAUR,KEYCHAIN,STR
TIGER KEYHOLDER,HOLDER,STR
STR GAUR FRIDGE MAGNET,MAGNET,STR
STR TIGER FRIDGE MAGNET,MAGNET,STR
MENS T SHIRT,T SHIRT,STR
LAPEL PIN TIGER ELEPHANT,LAPEL PIN,STR
FG VARANASI WOODEN BIRD,BIRD,STR
MAGNET PUGMARK YELLOW ORANGE TIGER,MAGNET,STR
FG TERRACOTTA MAGNET,MAGNET,STR
FG DUST BUFF FACE MASK,MASK,STR
MAGNET HERITAGE DESIGN,MAGNET,STR
KEYCHAIN HERITAGE DESIGN,KEYCHAIN,STR
DESIGNER PEN,PEN,STR
CERAMIC PLANTERS,POT,STR
SATPURA COFFEE TABLE BOOK,BOOK,STR
TERRACOTTA JEWELLERY 700 ,JEWELLERY,STR
TRIBAL QUEEN SAREE,SAREE,STR
TRIBAL PRINCESS SAREE,SAREE,STR
TRIBAL PRINT LADIES KURTA,KURTA,STR
TRIBAL PRINT GENTS KURTA TRIBAL,KURTA,STR
TERRACOTTA JEWELLERY 450 ,JEWELLERY,STR
TERRACOTTA JEWELLERY 350 ,JEWELLERY,STR
TERRACOTTA JEWELLERY 500 ,JEWELLERY,STR
TRIBAL PRINT JACKET ,JACKET,STR
WOODEN KEYCHAIN ARTYCOR,KEYCHAIN,STR
WOODEN MAGNET ARTYCOR,MAGNET,STR
LAPEL PIN,PIN,STR
PUGMARK METAL,PUGMARK,STR
KEY HOLDER KANAN,KEYCHAIN,STR
TEA COASTER KANAN,COASTER,STR
SIPPER BOTTLE,BOTTLE,STR
GENERAL ZIG ZAG KEYCHAIN,KEYCHAIN,STR
HAT,HAT,STR
CAP,CAP,STR
DIARIES,DIARY,STR
GREEN POLO T SHIRT,GREEN POLO T SHIRT,STR
CANVAS BAG,CANVAS BAG,STR
SIPPER BOTTLE,SIPPER BOTTLE,STR
MUG HERITAGE DESIGN,MUG,STR
FRIDGE MAGNET BIRD HERITAGE DESIGN,FRIDGE MAGNET,STR
ALL OVER PRINT DRAWSTRING HERITAGE DESIGN,ALL OVER PRINT DRAWSTRING,STR
MENS SAVIOUR TIGER HERITAGE DESIGN,MENS SAVIOUR TIGER,STR
MENS TIGER PUG MARK HERITAGE DESIGN,MENS TIGER PUG MARK,STR
KIDDS SAVEME KOOTS T SHIRT HERITAGE DESIGN,KIDDS SAVEME KOOTS T SHIRT,STR
KIDDS LEOPARD KOOTS TSHIRT HERITAGE DESIGN,KIDDS LEOPARD KOOTS TSHIRT,STR
T SHIRT BLACK CINE DOT,T SHIRT BLACK,STR
MATTE MUG CINE DOT,MATTE MUG,STR
TWO TONE MUG CINE DOT,TWO TONE MUG,STR
WOODEN KEYCHAIN HOLDER,WOODEN KEYCHAIN HOLDER,STR
METAL KEYCHAIN,METAL KEYCHAIN,STR
BOTTLE,BOTTLE,STR
PAPER WEIGHT,PAPERWEIGHT,STR
COASTER,COASTER,STR
ZIG ZAG KEYCHAIN,ZIG ZAG KEYCHAIN,STR
DROP KEYCHAIN,DROP KEYCHAIN,STR
EPOXY MAGNET,EPOXY MAGNET,STR
CARD MAGNET,CARD MAGNET,STR
MAGNET ZIG ZAG KEYCHAIN,MAGNET ZIG ZAG KEYCHAIN,STR
ROUND MAGNET,ROUND MAGNET,STR
SOFT ZIGZAG KEYCHAIN,SOFT ZIGZAG KEYCHAIN,STR
SPL,SPL,STR
SAL BISCUIT KEYCHAIN,SAL BISCUIT KEYCHAIN,STR
MDF PHOTO MAGNET,MDF PHOTO MAGNET,STR
FACE MAGNET,FACE MAGNET,STR
PITTU TIGER BAG HOT MUGGS,PITTU TIGER BAG,STR
JUNGLE BAG HOT MUGGS,JUNGLE BAG,STR
FIRE BAG HOT MUGGS,FIRE BAG,STR
CERAMIC MUG HOT MUGGS,MUG,STR
CUSHION COVER HOTS MUGGS,CUSHION COVER,STR
SOUND BOOSTER,SOUND BOOSTER,STR
TABLE LAMP,TABLE LAMP,STR
HAIR CLUTCHER,HAIR CLUTCHER,STR
EARING,EARRING,STR
STAND KEYCHAIN,STAND KEYCHAIN,STR
BROAD KEYCHAIN,BROAD KEYCHAIN,STR
TEA COASTER,TEA COASTER,STR
CEILING LAMP,CEILING LAMP,STR
FOREST RESOURCE OF MUKUNDPUR,FOREST RESOURCE OF MUKUNDPUR,STR
ROAD TO KNOW WHERE,ROAD TO KNOW WHERE,STR
TRACK SUIT,TRACK SUIT,STR
WOOLEN JACKET,WOOLEN JACKET,STR
T SHIRT ARMY,T SHIRT ARMY,STR
CALENDAR ,538 CALENDAR,STR
SWEAT SHIRT HUD ,SWEAT SHIRT HUD,STR
MOBILE STAND ,MOBILE STAND,STR
T COASTER ,518 T COASTER,STR
CARD HOLDER ,517 CARD HOLDER,STR
PEN STAND ,516 PEN STAND,STR
PEN STAND ,515 PEN STAND,STR
DESKTOP ,485 DESKTOP,STR
DESKTOP ,455 DESKTOP,STR
FLAG ,417 FLAG,STR
FLAG ,416 FLAG,STR
CALENDAR ,346 CALENDAR,STR
T SHIRT BIG ,T SHIRT BIG,STR
T SHIRT KIDS ,T SHIRT KIDS,STR
JACKET HALF ,JACKET HALF,STR
T SHIRT OLD ,T SHIRT OLD,STR
JACKET FULL,JACKET FULL,STR
NEW ARMY JACKET,NEW ARMY JACKET,STR
T SHIRT BIG,T SHIRT BIG,STR
CARGO PANT LOWER,CARGO PANT LOWER,STR
OPENER KEYCHAIN,OPENER KEYCHAIN,STR
MAGNET PUGMARK,MAGNET PUGMARK,STR
KEYCHAIN PUG MARK,KEYCHAIN,STR
REGULAR HAT,REGULAR HAT,STR
LEATHER KEYCHAIN,LEATHER KEYCHAIN,STR
MAGNET SHEET,MAGNET SHEET,STR
CRYSTAL SMALL,CRYSTAL SMALL,STR
CAR STAND,CAR STAND,STR
T SHIRT SMALL,T SHIRT SMALL,STR
CARGO JACKET BIG,CARGO JACKET BIG,STR
SWEAT SHIRT,SWEAT SHIRT,STR
COLLAR T SHIRT,COLLAR T SHIRT DHARMESH GARMENTS,STR
ROUND NECK PLAIN,ROUND NECK PLAIN,STR
REVERSIBLE JACKET HALF,REVERSIBLE JACKET,STR
CARGO SMALL 30,32,34
JACKET W C,JACKET WC,STR
PITTU BAG DHARMESH,PITTU BAG,STR
PAPERWEIGHT,PAPERWEIGHT,STR
T SHIRT ROUND NECK,T SHIRT,STR
ROUND NECK T SHIRT PRINT,T SHIRT,STR
CARGO JACKET SMALL,JACKET,STR
ARMY T SHIRT COLLAR,T SHIRT,STR
BERMUDA SHORTS,SHORTS,STR
LOWER 36,LOWER,STR
LOWER 32,34,LOWER
LOWER 28,30,LOWER
LOWER 26,LOWER,STR
T SHIRT GREEN,T SHIRT,STR
JACKET GREEN,JACKET,STR
JACKET BIG DOUBLE SIDE,JACKET,STR
PARACHUTE CAP,CAP,STR
LOWER L,XL,LOWER
JUTE BAG MEDIUM,BAGS,STR
JUTE BAG BIG,BAGS,STR
COBRA PRINT T SHIRT,T SHIRT,STR
ROUND NECK T SHIRT BIG,T SHIRT,STR
ROUND NECK T SHIRT SMALL,T SHIRT,STR
COLLAR TSHIRT SMALL,T SHIRT,STR
T SHIRT BLACK,T SHIRT,STR
COLLAR T SHIRT BIG,T SHIRT,STR
PITTU BAG JEANS,BAGS,STR
JIM BAG,BAGS,STR
KHAKI JACKET,JACKET,STR
FOLDING BAG,BAGS,STR
BOTTLE METAL,BOTTLE,STR
CARGO SHIRT,SHIRT,STR
CARGO PANT,PANT,STR
JACKET WOOLEN HOOD,JACKET,STR
CARGO JACKET BIG,JACKET,STR
REVERSIBLE JACKET PLAIN,JACKET,STR
REVERSIBLE JACKET ARMY,JACKET,STR
TRACKSUIT,TRACK SUIT,STR
MUFFLER,MUFFLER,STR
ARMY JACKET,JACKET,STR
PITTU BAG SMALL,BAGS,STR
T SHIRT COBRA PRINT,T SHIRT,STR
LOWER PLAIN,LOWER,STR
