Product Name,Unit,Category,Brand
2193023 POLO T SHIRT DECATHLON,EACH,T SHIRT,STR
4143821 T SHIRT DECATHLON,EACH,T SHIRT,STR
2019824 BERMUDA DECATHLON,EACH,BERMUDA,STR
2019831 BERMUDA DECATHLON,EACH,BERMUDA,STR
4397231 POLO T SHIRT DECATHLON,EACH,T SHIRT,STR
5163880 BERMUDA DECATHLON,EACH,BERMUDA,STR
2193022 POLO T SHIRT DECATHLON,EACH,T SHIRT,STR
2341470 T SHIRT DECATHLON,EACH,T SHIRT,STR
4397234 POLO TSHIRT DECATHLON,EACH,T SHIRT,STR
4784329 T SHIRT DECATHLON,EACH,T SHIRT,STR
4143818 T SHIRT DECATHLON,EACH,T SHIRT,STR
2341471 T SHIRT DECATHLON,EACH,T SHIRT,STR
2019833 BERMUDA DECATHLON,EACH,BERMUDA,STR
4784330 T SHIRT DECATHLON,EACH,T SHIRT,STR
2193024 SHORTS DECATHLON,EACH,BERMUDA,STR
4493115 T SHIRT DECATHLON,EACH,T SHIRT,STR
5163882 BERMUDA DECATHLON,EACH,BERMUDA,STR
4143820 T SHIRT DECATHLON,EACH,T SHIRT,STR
2341469 T SHIRT DECATHLON,EACH,T SHIRT,STR
5163881 BERMUDA DECATHLON,EACH,BERMUDA,STR
2019825 BERMUDA DECATHLON,EACH,BERMUDA,STR
5163883 BERMUDA DECATHLON,EACH,BERMUDA,STR
2980111 T SHIRT DECATHLON,EACH,T SHIRT,STR
4784332 T SHIRT DECATHLON,EACH,T SHIRT,STR
2019826 BERMUDA DECATHLON,EACH,BERMUDA,STR
2341468 T SHIRT DECATHLON,EACH,T SHIRT,STR
4143823 T SHIRT DECATHLON,EACH,T SHIRT,STR
COLOUR T SHIRT COTTON MATTY WILD ARTE,EACH,COLOUR T SHIRT,STR
SILVER COIN CLARION PRINTEX,EACH,SILVER COIN,STR
WOMENS HOODIES WILD ARTE JABALPUR,EACH,HOODIES,STR
"POLO MW 100 M GREEN S,M,L,XL,XXL",EACH,T SHIRT,STR
4784331 T SHIRT DECATHLON,EACH,T SHIRT,STR
4493117 T SHIRT DECATHLON,EACH,T SHIRT,STR
4493118 T SHIRT DECATHLON,EACH,T SHIRT,STR
20193023 POLO T SHIRT DECATHLON,EACH,T SHIRT,STR
20193022 POLO T SHIRT DECATHLON,EACH,T SHIRT,STR
20193024 POLO T SHIRT DECATHLON,EACH,T SHIRT,STR
ROUND NECK T SHIRT TRANSLOCATION FAIRDEAL,EACH,T SHIRT,STR
T SHIRT MIX COLOUR FAIRDEAL,EACH,T SHIRT,STR
COTTON WHITE THAILA FAIRDEAL 98,EACH,BAG,STR
COTTON WHITE THAILA FAIRDEAL 100,EACH,BAG,STR
COTTON WHITE THAILA FAIRDEAL 99,EACH,BAG,STR
COTTON WHITE THAILA FAIRDEAL 102,EACH,BAG,STR
CAP PINK COLOUR FAIRDEAL ENTERPRISES,EACH,CAP,STR
CAP BLUE COLOUR FAIRDEAL ENTERPRISES,EACH,CAP,STR
CAP GREY COLOUR FAIRDEAL ENTERPRISES,EACH,CAP,STR
CAP BEIGE COLOUR FAIRDEAL ENTERPRISES,EACH,CAP,STR
DOUBLE BEDSHEET WITH PILLOW COVER WILD ARTE,EACH,BEDSHEET,STR
SINGLE BEDSHEET WITH PILLOW COVER WILD ARTE,EACH,BEDSHEET,STR
LAPEL PIN CLARION PRINTEX,EACH,PIN,STR
KEYCHAIN CLARION PRINTEX,EACH,KEYCHAIN,STR
MUFFLER SPECIAL SIZE MANGHARAM DULHARAM,EACH,MUFFLER,STR
WOMENS COLLAR T SHIRT WILD ARTE,EACH,T SHIRT,STR
COLLAR T SHIRT WILD ARTE,EACH,T SHIRT,STR
EMPIRE HAT WITH BELT AND BUCKET WILD ARTE,EACH,HAT,STR
BIG BUCKET HAT WITH STRIP WILD ARTE,EACH,WILD ARTE,STR
SMALL BUCKET HAT WILD ARTE,EACH,HAT,STR
BAG 0008 WILD ARTE,EACH,BAG,STR
EMPIRE HAT WILD ARTE,EACH,HAT,STR
JACKET 2651 PC 0013,EACH,JACKET,STR
JACKET 2439 PC 0014 WILD ARTE,EACH,JACKET,STR
JACKET 2441 PC0012 WILD ARTE,EACH,JACKET,STR
JACKET 2652 PC0028 WILD ARTE,EACH,JACKET,STR
MENS JACKET 0025 WILD ARTE,EACH,JACKET,STR
ANIMAL PRINT JACKET EARTHN,EACH,JACKET,STR
HALF JACKET WOOLEN SIX POCKET MANDEEP,EACH,JACKET,STR
NEW HALF JACKET SIX POCKET MANDEEP,EACH,JACKET,STR
WOMENS TOP WITH PANTS,EACH,TOP,STR
FLORAL PRINT SHIRT EARTHAN,EACH,SHIRT,STR
ANIMAL PRINT SHIRT EARTHAN,EACH,SHIRT,STR
STOLE EARTHAN,EACH,STOLE,STR
ANIMAL PRINT DRESS EARTHAN,EACH,DRESS,STR
GLASS SIPPER SHANIL MART,EACH,SIPPER,STR
4886284 TROUSER DECATHLON,EACH,DECATHLON,STR
5015158 TROUSER DECATHLON,EACH,TROUSER,STR
4898796 TROUSER DECATHLON,EACH,TROUSER,STR
4898797 TROUSER DECATHLON,EACH,TROUSER,STR
4528251 VEST DECATHLON,EACH,VEST,STR
4274354 VEST DECATHLON,EACH,VEST,STR
2187183 LIGHT CAP DECATHLON,EACH,CAP,STR
4528253 VEST DECATHLON,EACH,VEST,STR
4886285 TROUSER DECATHLON,EACH,TROUSER,STR
4528254 VEST MT 100 DECATHLON,EACH,VEST,STR
5015155 TROUSER DECATHLON,EACH,TROUSER,STR
4886283 TROUSER DECATHLON,EACH,TROUSER,STR
5015157 TROUSER DECATHLON,EACH,TROUSER,STR
4274357 VEST GREY DECATHLON,EACH,VEST,STR
5015156 TROUSER DECATHLON,EACH,TROUSER,STR
4886282 TROUSER GREEN DECATHLON,EACH,TROUSER,STR
4274351 JACKET DECATHLON,EACH,JACKET,STR
4493116 T SHIRT DECATHLON,EACH,T SHIRT,STR
LOWER SMALL DHARMESH,EACH,LOWER,STR
CAPRI DHARMESH,EACH,CAPRI,STR
CARGO PANT BIG DHARMESH,EACH,PENT,STR
4898799 TROUSER DECATHLON,EACH,TROUSER,STR
4274355 VEST GREY DECATHLON,EACH,VEST,STR
"4528252 WIND BLACK M,L DECATHLON",EACH,WINDCHITTER,STR
2193025 SLEEVED POLO T SHIRT DECATHLON,EACH,T SHIRT,STR
4397235 POLO GREEN DECATHLON,EACH,T SHIRT,STR
STR GAUR WALL KEYHOLDER VELLCO,EACH,KEYHOLDER,STR
STR DEAR MAGNET VELLCO,EACH,MAGNET,STR
STR NEELGAI MAGNET VELLCO,EACH,MAGNET,STR
HALF JACKET CLOTH BLACK & GREEN MANDEEP EMPORIUM,EACH,JACKET,STR
KEYRING LASER CUT SHUBHAM,EACH,KEYCHAIN,STR
FRIDGE MAGNET LASER CUT SHUBHAM,EACH,MAGNET,STR
BLACK STEEL BOTTLE SHUBHAM,EACH,BOTTLE,STR
HOODIE KIDDS V&S GARMENTS,EACH,HOODIE,STR
2019823 BERMUDA M DECATHLON,EACH,BERMUDA,STR
2980113 T SHIRT SG 100 DECATHLON,EACH,TROUSER,STR
"CARGO SMALL 24,26,28 DHARMESH GARMENTS",EACH,CARGO SMALL,STR
REVERSIBLE HAT FAIRDEAL,EACH,HAT,STR
WINDCHITTER NEW MANDEEP EMPORIUM,EACH,WINDCHITTER,STR
SAREE SHREE G,EACH,SAREE,STR
"SAREE HANDLOOM , TEMPLE, CHECK SHREE G",EACH,SAREE,STR
4898798 TROUSER L SIZE DECATHLON,EACH,TROUSER,STR
1272202 TROUSER BLACK L DECATHLON,EACH,TROUSER,STR
4326960 TROUSER MDECATHLON,EACH,TROUSER,STR
4823552 CARGO TROUSER GREEN DECATHLON,EACH,TROUSER,STR
5100658TROUSER BROWN DECATHLON,EACH,TROUSER,STR
2084722 TROUSER XL DECATHLON,EACH,TROUSER,STR
4589991 TROUSER DECATHLON,EACH,TROUSER,STR
4823549 TROUSER DECATHLON,EACH,TROUSER,STR
5177868 TROUSER DECATHLON,EACH,TROUSER,STR
5100657 TROUSER DECATHLON,EACH,TROUSER,STR
4823551 TROUSER DECATHLON,EACH,TROUSER,STR
2102295 UMBRELLA HUNTING DECATHLON,EACH,UMBRELLA,STR
4326959 TROUSER L DECATHLON,EACH,TROUSER,STR
4589989 LONG SLEEVE T SHIRT M DECATHLON,EACH,T SHIRT,STR
14717164 UMBRELLA DECATHLON,EACH,UMBRELLA,STR
1272200 TROUSER DECATHLON,EACH,TROUSER,STR
5100655 TROUSER DECATHLON,EACH,TROUSER,STR
4589990 LONG SLEEVE T SHIRT L DECATHLON,EACH,T SHIRT,STR
2084721 TROUSER CAMO 520 DECATHLON,EACH,TROUSER,STR
1272201 TROUSER M DECATHLON,EACH,TROUSER,STR
5177869 TROUSER DECATHLON,EACH,TROUSER,STR
1685017 TROUSER L DECATHLON,EACH,TROUSER,STR
4326962 TROUSER XL DECATHLON,EACH,TROUSER,STR
1685016 TROUSER DECATHLON,EACH,TROUSER,STR
5177870 TROUSER DECATHLON,EACH,TROUSER,STR
2111110 X ACCESS GREEN DECATHLON,EACH,BELT,STR
BIG CAMO 0111 WILD ARTE,EACH,CAP,STR
CAP 0051 WILD ARTE,EACH,CAP,STR
CAP 0227 WILD ARTE,EACH,CAP,STR
CAP 0137 WILD ARTE,EACH,CAP,STR
CAP KIDDS 0836 WILD ARTE,EACH,CAP,STR
CAP 0067 WILD ARTE,EACH,CAP,STR
CAP SMALL CAMO WILD ARTE,EACH,CAP,STR
BAG 0026 WILD ARTE,EACH,BAG,STR
BAG 0025 WILD ARTE,EACH,BAG,STR
BAG 007 WILD ARTE,EACH,BAG,STR
BAG 0016 WILD ARTE,EACH,BAG,STR
HANDCRAFTED BAG 3 TRIBAL ART,EACH,BAG,STR
HANDCRAFTED BAG 2 TRIBAL ART,EACH,BAG,STR
HANDCRAFTED BAG 1 TRIBAL ART,EACH,BAG,STR
LADIES BAG MIX SHUBHAM GIFT,EACH,BAG,STR
PITTU BAG JUTE SHUBHAM GIFT,EACH,BAG,STR
LADIES BAG SHUBHAM GIFT,EACH,BAG,STR
BAG NEW TRIBAL ART,EACH,BAG,STR
WINDCHITTER SINGLE SIDE MANDEEP,EACH,JACKET,STR
CAMERA LENS COFFEE MUG CLARION,EACH,MUG,STR
CAMERA LENS COFFEE MUG DOUBLE LID CLARION,EACH,MUG,STR
CARGO LOWER 312 NO. DHARMESH GARMENTS,EACH,LOWER,STR
HALF SHIRT MANDEEP EMPORIUM,EACH,SHIRT,STR
BAG 16 TRIBAL ART,EACH,BAG,STR
BANJARA BAG 2 TRIBAL ART,EACH,BAG,STR
BANJARA BAG TRIBAL ART,EACH,BAG,STR
WALLET BAG TRIBAL ART,EACH,BAG,STR
PITTHU BAG TRIBAL ART,EACH,BAG,STR
BAG 6 TRIBAL ART,EACH,BAG,STR
QUEEN BAG STR TRIBAL ART,EACH,BAG,STR
HANDMADE BAG 1 TRIBAL ART,EACH,BAG,STR
HANDMADE BAG 7 TRIBAL ART,EACH,BAG,STR
MOBILE BAG BIG JUTE TRIBAL BAG,EACH,BAG,STR
ARMY T SHIRT PUGMARK HANDICRAFT,EACH,T SHIRT,STR
NIGHT SUIT SMALL PUGMARK HANDICRAFT,EACH,SUIT,STR
NIGHT SUIT BIG PUGMARK HANDICRAFT,EACH,SUIT,STR
T SHIRT SMALL PUGMARK HANDICRAFT,EACH,T SHIRT,STR
T SHIRT BIG PUGMARK HANDICRAFT,EACH,T SHIRT,STR
MENS T SHIRT CLARION PRINTEX,EACH,T SHIRT,STR
TANK TOP WILD ARTE,EACH,TOP,STR
KIDDS T SHIRT WILD ARTE,EACH,T SHIRT,STR
WOMENS DRESS (LONG TOP) WILD ARTE,EACH,DRESS,STR
WOMENS T SHIRT WILD ARTE,EACH,T SHIRT,STR
CROP TOP CLARION PRINTEX,EACH,TOP,STR
COFFEE MUG SHUBHAM,EACH,MUG,STR
WATER BOTTLE SHUBHAM,EACH,BOTTLE,STR
ROUND MAGNET SHUBHAM GIFT,EACH,MAGNET,STR
JUTE BAG ELEPHANT BIG,EACH,BAG,STR
PEN STAND SHUBHAM GIFT,EACH,STAND,STR
TRAY BIG SHUBHAM GIFT,EACH,TRAY,STR
TRAY SMALL SHUBHAM GIFT,EACH,TRAY,STR
KEYHOLDER SMALL SHUBHAM GIFT,EACH,HOLDER,STR
TEA COASTER SHUBHAM GIFT,EACH,COASTER,STR
PACHMARHI PHOTO MAGNET SHUBHAM GIFT,EACH,MAGNET,STR
KEYCHAIN SHUBHAM GIFT,EACH,KEYCHAIN,STR
CUT MAGNET SHUBHAM GIFT,EACH,MAGNET,STR
GOLDEN LEOPARD SHUBHAM GIFT,EACH,STATUE,STR
BAG LEAF SHUBHAM GIFT CENTER,EACH,BAG,STR
BAG ELEPHANT SHUBHAM GIFT CENTER,EACH,BAG,STR
BAG GO GREEN SHUBHAM GIFT CENTER,EACH,BAG,STR
TIGER MAGNET RUPSHRI,EACH,MAGNET,STR
PUGMARK MAGNET RUPSHRI,EACH,MAGNET,STR
PUGMARK KEYCHAIN RUPSHRI,EACH,KEYCHAIN,STR
TIGER KEYCHAIN RUPSHRI,EACH,KEYCHAIN,STR
BLACK KIDDS T SHIRT RUPSHRI,EACH,T SHIRT,STR
SCRUNCHES HAIR RUPSHRI,EACH,HAIR,STR
RANGREZ BANGLES RUPSHRI,EACH,BANGLES,STR
LONG TOP V & S GARMENTS,EACH,TOP,STR
CROP TOP V & S GARMENTS,EACH,TOP,STR
HONEY,EACH,HONEY,STR
HONEY PLUS HALDI,EACH,HONEY,STR
COTTON TOPS EARTHN,EACH,TOPS,STR
JUTE BAG NEW DESIGN WITH CHAIN POCKET MANDEEP EMPORIUM,EACH,BAG,STR
JUTE BAG THAILA 18*13 MANDEEP EMPORIUM,EACH,BAG,STR
JUTE BAG LADIES MIX DESIGN MANDEEP EMPORIUM,EACH,JUTE BAG,STR
KIDS SHIRT 16NO FAIRDEAL,EACH,SHIRT,STR
KIDS SHIRT 10NO. 12NO. 14NO FAIRDEAL,EACH,SHIRT,STR
KIDS SHIRT 4NO. 6NO. 8NO FAIRDEAL,EACH,SHIRT,STR
"FULL SHIRT M, L , XL, 2XLFAIRDEAL ENTERPRISES",EACH,SHIRT,STR
BODY PATTERN TIGER SLEEK POUCH HOT MUGGS,EACH,POUCH,STR
TERRA EARRINGS TRIBAL ART,EACH,EARRING,STR
ICONOSTYLE TIGER KEYCHAIN HOT MUGGS,EACH,KEYCHAIN,STR
TIGER CAPS HOTS MUGS,EACH,CAP,STR
BODY PATTERN TOTE BAG HOT MUGGS,EACH,BAG,STR
BODY PATTERN TIGER DESK MAT,EACH,MAT,STR
BUCKET HAT TIGER SKIN HOT MUGGS,EACH,HAT,STR
PHONE GRIP HOT MUGGS,EACH,PHONE GRIP,STR
PARK SPECIAL FRIDGE MAGNET WOOD HOT MUGGS,EACH,MAGNET,STR
CLAY ANIMAL TRIBAL ART,EACH,ANIMAL,STR
MOBILE JUTE BAG TRIBAL ART,EACH,BAGS,STR
BAG 7 (SEVEN) TRIBAL ART,EACH,BAGS,STR
SQUIRREL LAPEL PIN,EACH,LAPEL PIN,STR
BOROSIL HOT & COLD SHANIL MART,EACH,BOTTLE,STR
CARGO POCKET JACKET WILD ARTE,EACH,JACKET,STR
JUTE BAG QUEEN TRIBAL ART,EACH,BAG,STR
HIMALAYAN HEMP HUMPY BAG TRIBAL ART,EACH,BAG,STR
HIMALAYAN HEMP CHEST BAG TRIBAL ART,EACH,BAG,STR
HIMALAYAN HEMP BAG PACK TRIBAL ART,EACH,BAG,STR
"GENTS SHIRT 2XL,3XL TRIBAL ART",EACH,SHIRT,STR
"GENTS SHIRT L,XL TRIBAL ART",EACH,SHIRT,STR
BLACK BOTTLE GOVIND PRAKASH,EACH,BOTTLE,STR
FACE MASK BUFF HERITAGE DESIGN,EACH,FACE MASK,STR
THREE PIECE DRESS EARTHN,EACH,DRESS,STR
ONE PIECE DRESS EARTHN,EACH,DRESS,STR
STEEL BAMBOO BOTTLE SHANIL MART,EACH,BOTTLE,STR
SATPURA FIELD GUIDE BOOK,EACH,BOOK,STR
CO ORD SET FULL PRINT EARTHN,EACH,DRESS TWO PIECE,STR
COTTON KURTI EARTHN,EACH,KURTI,STR
SILVER PLATED BRACELET EARTHN,EACH,BRACELET,STR
TWO PIECE DRESS EARTHN,EACH,DRESS,STR
LIQUID PERFUMES EARTHN,EACH,PERFUME,STR
HALF SLEEVE SHIRT EARTHN,EACH,SHIRT,STR
FULL SLEEVE SHIRT EARTHN,EACH,SHIRT,STR
HANDBAGS EARTHN,EACH,BAGS,STR
SILVER PLATED EARRINGS,EACH,EARRING,STR
OXIDIZED EARRINGS,EACH,EARRING,STR
SOLID PERFUME,EACH,PERFUME,STR
WAX SACHET PUNE,EACH,WAX,STR
KIDDS T SHIRT V & S GARMENTS,EACH,T SHIRT,STR
KIDDS SWEAT SHIRT V & S GARMENTS,EACH,SWEAT SHIRT,STR
GREEN REVERSIBLE JACKET MANDEEP EMPORIUM,EACH,JACKET,STR
FULL JACKET MANDEEP EMPORIUM,EACH,JACKET,STR
HALF JACKET MANDEEP EMPORIUM,EACH,REVERSIBLE JACKET,STR
T SHIRT SMALL PRINT MANDEEP EMPORIUM,EACH,T SHIRT,STR
CAP WILD ARTE,EACH,CAP,STR
INSULATED BOTTLE MANDEEP EMPORIUM,EACH,BOTTLE,STR
STEEL BOTTLE MANDEEP EMPORIUM,EACH,BOTTLE,STR
TRIBAL SCARF TRIBAL ART,EACH,SCARF,STR
HIRAN STAND BHAIRVA HANDICRAFT,EACH,BRASS,STR
KEY HOLDER SMALL KANAN ARTS,EACH,HOLDER,STR
MAGNET WOODEN CUT KANAN ARTS,EACH,MAGNET,STR
KEYCHAIN PACKET KANAN ARTS,EACH,KEYCHAIN,STR
EAR PATTI ARMY WILD ARTE,EACH,JACKET,STR
SMALL COMPUTER WOOLEN CAP WILD ARTE,EACH,JACKET,STR
ADAM WOOLEN CAP WILD ARTE,EACH,JACKET,STR
2803 JACKET WILD ARTE,EACH,JACKET,STR
2439 JACKET WILD ARTE,EACH,JACKET,STR
2441 JACKET WILD ARTE,EACH,JACKET WILD ARTE,STR
2651 JACKET WILD ARTE,EACH,JACKET,STR
905 JACKET WILD ARTE,EACH,JACKET,STR
440 JACKET WILD ARTE,EACH,JACKET,STR
4639 JACKET WILDARTE,EACH,JACKET,STR
MENS SWEAT SHIRT V&S GARMENTS,EACH,SWEAT SHIRT,STR
MENS HOODIE V&S GARMENTS,EACH,JACKET,STR
JUTE BAG MEDIUM FAIRDEAL,EACH,BAG,STR
KIDDS LOWER 32 34 36 FAIRDEAL,EACH,LOWER,STR
KIDDS LOWER 26 28 30 FAIRDEAL,EACH,LOWER,STR
LOWER 38 FAIRDEAL,EACH,LOWER,STR
WINDCHITTER FAIRDEAL,EACH,JACKET,STR
CAP PARACHUTE FAIR DEAL,EACH,CAP,STR
ARMY T SHIRT ROUND NECK FAIRDEAL,EACH,T SHIRT,STR
WOOLEN CAP FAIRDEAL,EACH,CAP,STR
REGULAR HAT FAIR DEAL,EACH,HAT,STR
BERMUDA 3XL FAIRDEAL,EACH,SHORTS,STR
"BERMUDA L,XL,2XL FAIRDEAL",EACH,SHORTS,STR
LOWER 3XL SIZE FAIRDEAL,EACH,LOWER,STR
LOWER 2XL SIZE FAIRDEAL,EACH,LOWER,STR
LOWER XL SIZE FAIRDEAL,EACH,LOWER,STR
LOWER L SIZE FAIRDEAL,EACH,LOWER,STR
TRIBAL F BLACK RED SUIT DRESS MATERIAL,EACH,DRESS MATERIAL,STR
Name,Unit,Detail,STR
"TRIBAL L K F RED & BLACK 2XL , 3XL",EACH,LONG KURTA,STR
"TRIBAL L K F RED & BLACK L , XL",EACH,LONG KURTA,STR
"TRIBAL PRINT S K F RED & BLACK 2XL , 3XL",EACH,SHORT KURTA,STR
"TRIBAL PRINT S K F RED & BLACK L , XL",EACH,SHORT KURTA,STR
TRIBAL PRINT JACKET RED & BLACK 2XL,EACH,JACKET,STR
"TRIBAL PRINT JACKET RED & BLACK L , XL",EACH,JACKET,STR
TRIBAL PRINT BLACK RED LINEN SAREE TRIBAL ART,EACH,LINEN SAREE,STR
TRIBAL FULL RED SAREE TRIBAL ART,EACH,SAREE,STR
TRIBAL FULL BLACK SAREE TRIBAL ART,EACH,SAREE,STR
BAMBOO PENSTAND TRIBAL ART,EACH,STAND,STR
BAMBOO OVAL GLASS TRIBAL ART,EACH,GLASS,STR
SET OF 4 FRIDGE MAGNET HERITAGE DESIGN,EACH,MAGNET,STR
EARRINGS HERITAGE DESIGN,EACH,JEWELLERY,STR
BAMBOO CUP,EACH,CUP,STR
BAMBOO BOTTLE BALAGHAT,EACH,BOTTLE,STR
BAMBOO FLOWER POT,EACH,POT,STR
BLOCK PRINT SCARF,EACH,SCARF,STR
BAMBOO BIG PURSE,EACH,PURSE,STR
BAMBOO SMALL PURSE,EACH,PURSE,STR
BAMBOO WALL PAINTING,EACH,PAINTING,STR
BAMBOO FAN,EACH,FAN,STR
BAMBOO DINING TABLE MAT,EACH,MAT,STR
BAMBOO JUG,EACH,JUG,STR
BAMBOO MUG,EACH,MUG,STR
BAMBOO GLASS,EACH,GLASS,STR
ANIMAL DESIGN MIX EARRING JEWELLERY,EACH,JEWELLERY,STR
BUDDHA FACE BIG PENDANT JEWELLERY,EACH,JEWELLERY,STR
TIGER FACE BIG PENDANT JEWELLERY,EACH,JEWELLERY,STR
PEACOCK PENDANT SET JEWELLERY,EACH,JEWELLERY,STR
TRIBAL FACE PENDANT SET JEWELLERY,EACH,JEWELLERY,STR
WAIST POUCH,EACH,POUCH,STR
TRAVELLER BAG WITH STRIP MANDEEP,EACH,BAG,STR
FG MESSENGER BAG TIGER FACE,EACH,BAG,STR
KEYCHAIN LEOPARD GAUR,EACH,KEYCHAIN,STR
TIGER KEYHOLDER MGM,EACH,HOLDER,STR
STR GAUR FRIDGE MAGNET,EACH,MAGNET,STR
STR TIGER FRIDGE MAGNET,EACH,MAGNET,STR
MENS T SHIRT V & S GARMENTS,EACH,T SHIRT,STR
LAPEL PIN TIGER ELEPHANT PASHOO PAKSHI,EACH,LAPEL PIN,STR
FG VARANASI WOODEN BIRD PASHOO PAKSHI,EACH,BIRD,STR
MAGNET PUGMARK YELLOW ORANGE TIGER PASHOO PAKSHI,EACH,MAGNET,STR
FG TERRACOTTA MAGNET PASHOO PAKSHI,EACH,MAGNET,STR
FG DUST BUFF FACE MASK PASHOO PAKSHI,EACH,MASK,STR
MAGNET HERITAGE DESIGN,EACH,MAGNET,STR
KEYCHAIN HERITAGE DESIGN,EACH,KEYCHAIN,STR
DESIGNER PEN FOX VENUE,EACH,PEN,STR
CERAMIC PLANTERS FOX VENUE,EACH,POT,STR
SATPURA COFFEE TABLE BOOK,EACH,BOOK,STR
TERRACOTTA JEWELLERY 700 TRIBAL ART,EACH,JEWELLERY,STR
TRIBAL QUEEN SAREE,EACH,SAREE,STR
TRIBAL PRINCESS SAREE,EACH,SAREE,STR
TRIBAL PRINT LADIES KURTA,EACH,KURTA,STR
TRIBAL PRINT GENTS KURTA TRIBAL,EACH,KURTA,STR
TERRACOTTA JEWELLERY 450 TRIBAL ART,EACH,JEWELLERY,STR
TERRACOTTA JEWELLERY 350 TRIBAL ART,EACH,JEWELLERY,STR
TERRACOTTA JEWELLERY 500 TRIBAL ART,EACH,JEWELLERY,STR
TRIBAL PRINT JACKET TRIBAL ART,EACH,JACKET,STR
WOODEN KEYCHAIN ARTYCOR,EACH,KEYCHAIN,STR
WOODEN MAGNET ARTYCOR,EACH,MAGNET,STR
LAPEL PIN,EACH,PIN,STR
PUGMARK METAL,EACH,PUGMARK,STR
KEY HOLDER KANAN,EACH,KEYCHAIN,STR
TEA COASTER KANAN,EACH,COASTER,STR
SIPPER BOTTLE KANAN ARTS,EACH,BOTTLE,STR
GENERAL ZIG ZAG KEYCHAIN KANAN ARTS,EACH,KEYCHAIN,STR
HAT VRS GARMENTS,EACH,HAT,STR
CAP VRS GARMENTS,EACH,CAP,STR
DIARIES FOX VENUE,EACH,DIARY,STR
GREEN POLO T SHIRT FOX VENUE,EACH,GREEN POLO T SHIRT,STR
CANVAS BAG FOX VENUE,EACH,CANVAS BAG,STR
SIPPER BOTTLE FOX VENUE,EACH,SIPPER BOTTLE,STR
MUG HERITAGE DESIGN,EACH,MUG,STR
FRIDGE MAGNET BIRD HERITAGE DESIGN,EACH,FRIDGE MAGNET,STR
KEYCHAIN HERITAGE DESIGN,EACH,KEYCHAIN,STR
ALL OVER PRINT DRAWSTRING HERITAGE DESIGN,EACH,ALL OVER PRINT DRAWSTRING,STR
MENS SAVIOUR TIGER HERITAGE DESIGN,EACH,MENS SAVIOUR TIGER,STR
MENS TIGER PUG MARK HERITAGE DESIGN,EACH,MENS TIGER PUG MARK,STR
KIDDS SAVEME KOOTS T SHIRT HERITAGE DESIGN,EACH,KIDDS SAVEME KOOTS T SHIRT,STR
KIDDS LEOPARD KOOTS TSHIRT HERITAGE DESIGN,EACH,KIDDS LEOPARD KOOTS TSHIRT,STR
T SHIRT BLACK CINE DOT,EACH,T SHIRT BLACK,STR
MATTE MUG CINE DOT,EACH,MATTE MUG,STR
TWO TONE MUG CINE DOT,EACH,TWO TONE MUG,STR
WOODEN KEYCHAIN HOLDER KANAN ARTS AND CRAFT,EACH,WOODEN KEYCHAIN HOLDER,STR
METAL KEYCHAIN KANAN ARTS AND CRAFT,EACH,METAL KEYCHAIN,STR
BOTTLE KANAN ARTS AND CRAFT,EACH,BOTTLE,STR
PAPER WEIGHT KANAN ARTS AND CRAFT,EACH,PAPERWEIGHT,STR
CAP KANAN ARTS AND CRAFT,EACH,CAP,STR
HAT KANAN ARTS AND CRAFT,EACH,HAT,STR
COASTER KANAN ARTS AND CRAFT,EACH,COASTER,STR
ZIG ZAG KEYCHAIN KANAN ARTS AND CRAFT,EACH,ZIG ZAG KEYCHAIN,STR
DROP KEYCHAIN KANAN ARTS AND CRAFT,EACH,DROP KEYCHAIN,STR
EPOXY MAGNET KANAN ARTS AND CRAFT,EACH,EPOXY MAGNET,STR
CARD MAGNET KANAN ARTS AND CRAFT,EACH,CARD MAGNET,STR
MAGNET ZIG ZAG KEYCHAIN KANAN ARTS AND CRAFT,EACH,MAGNET ZIG ZAG KEYCHAIN,STR
ROUND MAGNET KANAN ARTS AND CRAFT,EACH,ROUND MAGNET,STR
SOFT ZIGZAG KEYCHAIN KANAN ARTS AND CRAFT,EACH,SOFT ZIGZAG KEYCHAIN,STR
SPL KANAN ARTS AND CRAFT,EACH,SPL,STR
SAL BISCUIT KEYCHAIN KANAN ARTS AND CRAFT,EACH,SAL BISCUIT KEYCHAIN,STR
MDF PHOTO MAGNET KANAN ARTS AND CRAFT,EACH,MDF PHOTO MAGNET,STR
FACE MAGNET KANAN ARTS AND CRAFTS,EACH,FACE MAGNET,STR
Name,Unit,Detail,STR
PITTU TIGER BAG HOT MUGGS,EACH,PITTU TIGER BAG,STR
JUNGLE BAG HOT MUGGS,EACH,JUNGLE BAG,STR
FIRE BAG HOT MUGGS,EACH,FIRE BAG,STR
CERAMIC MUG HOT MUGGS,EACH,MUG,STR
CUSHION COVER HOTS MUGGS,EACH,CUSHION COVER,STR
SOUND BOOSTER PRAAKRATIK,EACH,SOUND BOOSTER,STR
TABLE LAMP PRAAKRATIK,EACH,TABLE LAMP,STR
HAIR CLUTCHER PRAAKRATIK,EACH,HAIR CLUTCHER,STR
EARING PRAAKRATIK,EACH,EARRING,STR
STAND KEYCHAIN PRAAKRATIK,EACH,STAND KEYCHAIN,STR
BROAD KEYCHAIN PRAAKRATIK,EACH,BROAD KEYCHAIN,STR
TEA COASTER PRAAKRATIK,EACH,TEA COASTER,STR
CEILING LAMP PRAAKRATIK,EACH,CEILING LAMP,STR
FOREST RESOURCE OF MUKUNDPUR,EACH,FOREST RESOURCE OF MUKUNDPUR,STR
ROAD TO KNOW WHERE,EACH,ROAD TO KNOW WHERE,STR
TRACK SUIT SARDAR ENTERPRISES,EACH,TRACK SUIT,STR
WOOLEN JACKET SARDAR ENTERPRISES,EACH,WOOLEN JACKET,STR
T SHIRT ARMY SARDAR ENTERPRISES,EACH,T SHIRT ARMY,STR
538 CALENDAR WILD ARTE,EACH,538 CALENDAR,STR
SWEAT SHIRT HUD WILD ARTE,EACH,SWEAT SHIRT HUD,STR
566 MOBILE STAND WILD ARTE,EACH,566 MOBILE STAND,STR
539 MOBILE STAND WILD ARTE,EACH,539 MOBILE STAND,STR
518 T COASTER WILD ARTE,EACH,518 T COASTER,STR
517 CARD HOLDER WILD ARTE,EACH,517 CARD HOLDER,STR
516 PEN STAND WILD ARTE,EACH,516 PEN STAND,STR
515 PEN STAND WILD ARTE,EACH,515 PEN STAND,STR
485 DESKTOP WILD ARTE,EACH,485 DESKTOP,STR
455 DESKTOP WILD ARTE,EACH,455 DESKTOP,STR
417 FLAG WILD ARTE,EACH,417 FLAG,STR
416 FLAG WILD ARTE,EACH,416 FLAG,STR
346 CALENDAR WILD ARTE,EACH,346 CALENDAR,STR
T SHIRT BIG WILD ARTE,EACH,T SHIRT BIG,STR
T SHIRT KIDS WILD ARTE,EACH,T SHIRT KIDS,STR
JACKET HALF WILD ARTE,EACH,JACKET HALF,STR
T SHIRT OLD WILD ARTE,EACH,T SHIRT OLD,STR
JACKET FULL DHARMESH GARMENTS,EACH,JACKET FULL,STR
NEW ARMY JACKET DHARMESH GARMENTS,EACH,NEW ARMY JACKET,STR
T SHIRT BIG DHARMESH GARMENTS,EACH,T SHIRT BIG,STR
CARGO PANT LOWER DHARMESH GARMENTS,EACH,CARGO PANT LOWER,STR
OPENER KEYCHAIN DHARMESH GARMENTS,EACH,OPENER KEYCHAIN,STR
MAGNET PUGMARK DHARMESH GARMENTS,EACH,MAGNET PUGMARK,STR
KEYCHAIN PUG MARK DHARMESH GARMENTS,EACH,KEYCHAIN,STR
REGULAR HAT DHARMESH GARMENTS,EACH,REGULAR HAT,STR
LEATHER KEYCHAIN DHARMESH GARMENTS,EACH,LEATHER KEYCHAIN,STR
MAGNET SHEET DHARMESH GARMENTS,EACH,MAGNET SHEET,STR
CRYSTAL SMALL DHARMESH GARMENTS,EACH,CRYSTAL SMALL,STR
CAR STAND DHARMESH GARMENTS,EACH,CAR STAND,STR
T SHIRT SMALL DHARMESH GARMENTS,EACH,T SHIRT SMALL,STR
CAP DHARMESH GARMENTS,EACH,CAP,STR
CARGO JACKET BIG DHARMESH GARMENTS,EACH,CARGO JACKET BIG,STR
SWEAT SHIRT DHARMESH GARMENTS,EACH,SWEAT SHIRT,STR
COLLAR T SHIRT DHARMESH GARMENTS,EACH,COLLAR T SHIRT DHARMESH GARMENTS,STR
ROUND NECK PLAIN DHARMESH GARMENTS,EACH,ROUND NECK PLAIN,STR
WOOLEN JACKET DHARMESH GARMENTS,EACH,WOOLEN JACKET,STR
REVERSIBLE JACKET HALF DHARMESH GARMENTS,EACH,REVERSIBLE JACKET,STR
"CARGO SMALL 30,32,34 DHARMESH GARMENTS",EACH,CARGO SMALL,STR
JACKET W C DHARMESH GARMENTS,EACH,JACKET WC,STR
PITTU BAG DHARMESH,EACH,PITTU BAG,STR
PAPERWEIGHT DHARMESH GARMENTS,EACH,PAPERWEIGHT,STR
T SHIRT ROUND NECK MUMBAI,EACH,T SHIRT,STR
ROUND NECK T SHIRT PRINT MANDEEP EMPORIUM,EACH,T SHIRT,STR
CARGO JACKET SMALL MANDEEP EMPORIUM,EACH,JACKET,STR
ARMY T SHIRT COLLAR MANDEEP EMPORIUM,EACH,T SHIRT,STR
BERMUDA SHORTS MANDEEP EMPORIUM,EACH,SHORTS,STR
LOWER 36 MANDEEP EMPORIUM,EACH,LOWER,STR
"LOWER 32,34 MANDEEP EMPORIUM",EACH,LOWER,STR
"LOWER 28,30 MANDEEP EMPORIUM",EACH,LOWER,STR
LOWER 26 MANDEEP EMPORIUM,EACH,LOWER,STR
T SHIRT GREEN MANDEEP EMPORIUM,EACH,T SHIRT,STR
WINDCHITTER MANDEEP EMPORIUM,EACH,JACKET,STR
JACKET GREEN MANDEEP EMPORIUM,EACH,JACKET,STR
JACKET BIG DOUBLE SIDE MANDEEP EMPORIUM,EACH,JACKET,STR
PARACHUTE CAP MANDEEP EMPORIUM,EACH,CAP,STR
ARMY T SHIRT ROUND NECK MANDEEP EMPORIUM,EACH,T SHIRT,STR
"LOWER L , XL MANDEEP EMPORIUM",EACH,LOWER,STR
JUTE BAG MEDIUM MANDEEP EMPORIUM,EACH,BAGS,STR
JUTE BAG BIG MANDEEP EMPORIUM,EACH,BAGS,STR
COBRA PRINT T SHIRT MANDEEP EMPORIUM,EACH,T SHIRT,STR
ROUND NECK T SHIRT BIG MANDEEP EMPORIUM,EACH,T SHIRT,STR
ROUND NECK T SHIRT SMALL MANDEEP EMPORIUM,EACH,T SHIRT,STR
COLLAR TSHIRT SMALL MANDEEP EMPORIUM,EACH,T SHIRT,STR
T SHIRT BLACK MANDEEP EMPORIUM,EACH,T SHIRT,STR
COLLAR T SHIRT BIG MANDEEP EMPORIUM,EACH,T SHIRT,STR
REGULAR HAT MANDEEP EMPORIUM,EACH,HAT,STR
PITTU BAG JEANS MANDEEP EMPORIUM,EACH,BAGS,STR
JIM BAG MANDEEP EMPORIUM,EACH,BAGS,STR
KHAKI JACKET MANDEEP EMPORIUM,EACH,JACKET,STR
FOLDING BAG MANDEEP EMPORIUM,EACH,BAGS,STR
BOTTLE METAL MANDEEP EMPORIUM,EACH,BOTTLE,STR
CARGO SHIRT MANDEEP EMPORIUM,EACH,SHIRT,STR
CARGO PANT MANDEEP EMPORIUM,EACH,PANT,STR
PAPERWEIGHT MANDEEP EMPORIUM,EACH,PAPERWEIGHT,STR
TEA COASTER MANDEEP EMPORIUM,EACH,COASTER,STR
WOOLEN CAP MANDEEP EMPORIUM,EACH,CAP,STR
JACKET WOOLEN HOOD MANDEEP EMPORIUM,EACH,JACKET,STR
CARGO JACKET BIG MANDEEP EMPORIUM,EACH,JACKET,STR
REVERSIBLE JACKET PLAIN MANDEEP EMPORIUM,EACH,JACKET,STR
REVERSIBLE JACKET ARMY MANDEEP EMPORIUM,EACH,JACKET,STR
TRACKSUIT UDAY SPORTS WEAR,EACH,TRACK SUIT,STR
MUFFLER MANGHARAM DULHARAM,EACH,MUFFLER,STR
ARMY JACKET MANGHARAM DULHARAM,EACH,JACKET,STR
PITTU BAG SMALL MANGHARAM DULHARAM,EACH,BAGS,STR
T SHIRT COBRA PRINT MANGHARAM DULHARAM,EACH,T SHIRT,STR
LOWER 36 MANGHARAM DULHARAM,EACH,LOWER,STR
LOWER PLAIN MANGHARAM DULHARAM,EACH,LOWER,STR
